Model,Score
CatBoost,0.48498875454112556
LGBM,0.4821216572516791
Logisitic,0.4700297723188688
XGBOOST,0.46825217256653595
BalancedRandomForestClassifier,0.46523878336083246
SVM,0.4570182649195507
Tree,0.3525123275274322
