Model,Score
RandomForestClassifier,0.7781338073225565
BalancedRandomForestClassifier,0.7673046346797853
XGBOOST,0.7015234014075864
CatBoost,0.700269156334816
LGBM,0.6805150762936127
Logisitic,0.5264732216395676
SVM,0.48749048082284235
Tree,0.4685147907012377
